pubmed_query_id, mesh_keyword_id, frequency, e_value
1,44822,6,1.03954e-15
1,16208,4,4.10475e-10
1,818,4,4.10475e-10
1,19295,4,4.10475e-10
1,17753,4,4.10475e-10
1,2965,3,6.44837e-08
1,12988,3,6.44837e-08
1,12987,2,0.000111431
1,20407,2,0.000111431
1,9626,2,0.000111431
1,48088,2,0.000111431
1,5843,2,0.000111431
1,4777,2,0.000111431
1,18407,2,0.000111431
1,5658,2,0.000111431
1,1419,2,0.000111431
1,10944,2,0.000111431
1,3247,2,0.000111431